"d","m","n","reps","aghq_nodes","gva_b0_bias","aghq_b0_bias","gva_sl_bias","aghq_sl_bias","gva_sv_bias","aghq_sv_bias","gva_time","aghq_time","speedup","gva_iters","gva_nG"
1,200,20,10,7,-0.011700898467216,-0.0116857651145206,0.00245294082337317,0.00245307709271212,-0.0121823057603839,-0.0120022133269354,0.129903984069824,0.185652494430542,1.42915165966544,6.5,17.5
2,200,20,10,49,0.00546974034181749,0.00553485582841843,-0.0041331173585517,-0.00414662917151399,-0.0028264615614454,-0.0023953760982113,0.244958400726318,0.583597469329834,2.38243500773775,12,34
3,200,20,10,343,0.00487516171363937,0.00512095057619485,-0.00608276558926713,-0.00611245005308958,-0.0100992782936055,-0.00929569197339778,1.4105048418045,11.5834967374802,8.21230554775057,15.9,45.7
1,500,20,10,7,0.00817484717726415,0.0082096907510381,0.000471318116034058,0.000471293682250962,0.0120250226133434,0.0124766285048696,0.24193799495697,0.370383048057556,1.53090070918142,6.6,17.8
2,500,20,10,49,-0.0137819441372793,-0.0136240651134474,-0.00398088217520267,-0.00401565217606827,0.000631631161440771,0.00171947744287394,0.462204837799072,1.20267746448517,2.6020443018556,11.2,31.6
3,500,20,10,343,-0.0136485951578258,-0.0132483862493064,0.0198794170896227,0.0198649191936763,0.0022293282509187,0.00285059291774248,3.26065554618835,23.8894352674484,7.32657434342451,15.3,43.9
1,200,40,10,7,0.0233348927983322,0.0233295525019342,-0.00467127736559272,-0.00467126861578497,-0.0280946387330881,-0.0280469210429285,0.163526892662048,0.2621750831604,1.60325362325708,7,19
2,200,40,10,49,0.0154502930414455,0.0154713702661541,0.0110659665798577,0.0110524876096084,-0.03448286930377,-0.0343751540284454,0.324084496498108,0.89931480884552,2.7749393092328,12.4,35.2
3,200,40,10,343,-0.00503406057625681,-0.00500312418086673,0.0118986949779566,0.0118765205978249,0.0101102075579813,0.010250308887941,1.3928858757019,8.02640354633331,5.76242726439353,15.5,44.5
1,500,40,10,7,-0.0046532322676983,-0.00464603548577872,0.00111198801559301,0.00111187703475596,-0.0423773395085786,-0.0422581404115083,0.374576759338379,0.507865047454834,1.35583704753035,7,19
2,500,40,10,49,-0.00405391827006507,-0.0040159051265692,-0.00892215780471475,-0.00893550550933363,0.0442566214610006,0.0445276651409248,0.763803601264954,2.19372868537903,2.87211094808396,12.1,34.3
3,500,40,10,343,-0.00781323465075411,-0.00773408743759669,0.00290355172490842,0.00288619207403206,-0.0160390215142307,-0.0156924595571677,1.57148399353027,12.441037106514,7.91674440066405,12.8,36.4
