"d","m","n","reps","aghq_nodes","gva_b0_bias","aghq_b0_bias","gva_sl_bias","aghq_sl_bias","gva_sv_bias","aghq_sv_bias","gva_time","aghq_time","speedup","gva_iters"
1,200,20,10,7,-0.013801758813771,-0.0134702529723121,-0.0198655121791729,-0.0198567569776795,-0.0590986753235732,-0.0551102579296425,2.5702374458313,2.17790334224701,0.84735491881475,62.5
2,200,20,10,49,0.0123410637149515,0.0145877778346099,-0.0143835373828729,-0.0102125224997671,-0.0251012850315205,4.74745420063927e-05,5.05481026172638,5.23336143493652,1.03532302182776,79.1
3,200,20,10,343,0.039961577465821,0.0404438194897895,-0.0133675592865091,-0.0125949871076736,0.0137470604745101,0.0398342109146479,11.3507001638412,46.2284435510635,4.07273938028323,95
1,500,20,10,7,0.0190421768038641,0.0196711972534767,0.00797082863638302,0.00771961865847806,0.0130536154328039,0.0184096665371678,7.10761840343475,5.79536938667297,0.815374300887111,65.6
2,500,20,10,49,-0.00724878175089149,-0.00548923985164062,-0.00030521973225086,0.00332291921608069,-0.00663626360253795,0.018162811359307,13.3226871967316,14.903497171402,1.11865548979175,75.8
3,500,20,10,343,-0.0160793426620877,-0.015816523410313,0.0272369706621815,0.0292028515968541,-0.00513224095026431,0.0282535963873293,24.8519296169281,155.5570987463,6.25935696519681,91.3
1,200,40,10,7,0.0185131363497874,0.018631252575698,-0.00574608489872596,-0.0057281195937972,-0.0229592346182108,-0.0211531980587155,10.1827906131744,7.78131728172302,0.764163536040464,115.3
2,200,40,10,49,-0.00564119040009368,-0.00468519164473293,0.012753762562428,0.014277416641164,-0.0404798241425399,-0.0296203101020117,15.1393611907959,14.4729337215424,0.955980476266152,125.6
3,200,40,10,343,-0.0174846776513174,-0.0105072326185456,0.0128185425723761,0.0132629450523525,-0.0188341780427634,-0.0022360326474769,21.5225684165955,71.4927288293839,3.32175637431162,138.7
1,500,40,10,7,0.00274997580974016,0.00285601215764515,0.0072232113341088,0.00676206006905826,-0.050355731822948,-0.0482390758912701,25.6201858282089,18.9864115715027,0.741072359849858,112.4
2,500,40,10,49,0.000112950186098254,0.000870048977116547,-0.0163284984175194,-0.0148192790332983,0.0351869338347985,0.0467520432763691,43.8873056173325,38.788276386261,0.883815395833785,135.2
3,500,40,10,343,-0.0162597228174346,-0.0132245520022692,-0.00696091196953603,-0.00289932743297729,-0.0653677562745063,-0.0528218994959806,32.8952407121658,137.134574913979,4.16882722074933,132.3
