"beta0","beta1","sigma2","m","n","reps","gva_b0_bias","aghq_b0_bias","gva_b1_bias","aghq_b1_bias","gva_s2_bias","aghq_s2_bias","gva_time","aghq_time","time_ratio","gva_iters","gva_conv_rate","n_fail"
1,1,1,100,5,5,-0.00840878717778233,-0.00793000707546854,-0.00818853842187855,-0.00821087773206699,-0.0494562215374679,-0.0454732169592132,0.102296686172485,0.132906723022461,0.76968782200128,175.2,1,0
1,1,1,1000,5,5,-0.00415259067065479,-0.0037834136973993,-0.0135933273254099,-0.01357063255411,-0.00129648887820586,0.00284753665626156,0.329517126083374,0.8958092212677,0.367842971762514,184.2,1,0
1,1,1,100,25,5,-0.0169009913366222,-0.0165849009222157,0.00128521774671466,0.00129989715441661,-0.0532780675106982,-0.0528995691093027,0.605719995498657,0.748244047164917,0.809521970530496,768.8,1,0
1,1,1,1000,25,5,-0.0182232068979575,-0.0183837055301361,-0.00207922130399563,-0.00207018658156548,0.00780021920674212,0.00723604289362745,4.07534680366516,2.23490390777588,1.82349978873179,599.2,1,0
1,1,1,100,100,5,-0.0195687156909619,-0.0191357090826223,0.00167149173473116,0.00167563127443031,0.0843072083290575,0.084678869889175,5.52893571853638,1.77446031570435,3.11584072610931,2569.8,1,0
1,1,1,1000,100,5,0.0239172838100721,0.0261434420157991,-0.000277637660467822,-0.000216712380551654,-0.00222935383108964,-0.0070756096493386,72.2743599891663,12.1718993186951,5.93780461839333,1887.8,1,0
1,2,1,100,5,5,-0.011490020005375,-0.0110680772112963,-0.00426983807911796,-0.00426767225235349,0.0369964414120933,0.0410029623190001,0.114216232299805,0.150531148910522,0.758754803417439,191.4,1,0
1,2,1,1000,5,5,0.00580853045830179,0.00627790249374267,-0.00241518256768107,-0.00239690502424028,-0.0298561637266606,-0.025750172588206,0.330465459823608,1.42428865432739,0.232021408595484,179.2,1,0
1,2,1,100,25,5,0.00912071620594181,0.00936695671777575,0.00638121678233286,0.00638690253751242,-0.0364541362153516,-0.0362597657401521,0.660729598999023,0.550226354598999,1.20083233650369,788.8,1,0
1,2,1,1000,25,5,-0.0315971376681911,-0.0315749086813694,-0.0004126380842981,-0.000412612988608352,-0.00582458444628111,-0.00563520411182355,3.84280557632446,4.6473569393158,0.826879799960065,572.2,1,0
1,2,1,100,100,5,0.0627694369519297,0.0625044671983652,-0.00186050969187228,-0.00186059597473678,-0.0757779613468847,-0.075331871822502,4.89852175712585,1.75694513320923,2.78809034188691,2256,1,0
1,2,1,1000,100,5,0.0193043710723629,0.0192935907189022,-0.00142484011721549,-0.00142490010498784,-0.0327338120722997,-0.0327583419575038,70.256197977066,23.0239915847778,3.05143431443553,1796.2,1,0
1,3,1,100,5,5,0.0112480271708777,0.0116734940207678,-0.000400871563758454,-0.000395272513724795,-0.00387796625197011,0.00028698423741545,0.0566081047058105,0.149797201156616,0.377898280266435,184,1,0
1,3,1,1000,5,5,0.0102535362312838,0.0106858576106099,-0.00852270782114379,-0.00852526335689987,-0.0203728641630775,-0.0162300750763642,0.274000978469849,1.27853398323059,0.214308717690479,180.6,1,0
1,3,1,100,25,5,-0.0981860232670328,-0.0982623696007117,0.000329310988636245,0.000256016024897488,0.0355620605441684,0.0355555081075625,0.469570398330688,0.237612009048462,1.97620650661187,844,1,0
1,3,1,1000,25,5,0.00893863185906169,0.00897671449272783,2.61836535961459e-05,2.57354317037438e-05,0.0129864552664323,0.0131594964713734,3.30176982879639,8.98444814682007,0.367498345456533,582.4,1,0
1,3,1,100,100,5,-0.0130971059453518,-0.0134819181505889,0.00646592001957318,0.00645886961239883,-0.0347891905420441,-0.0353103330372002,4.34484272003174,1.1032069683075,3.93837497844802,2383.4,1,0
1,3,1,1000,100,5,-0.0113708906546339,-0.0127339317431131,-0.000790770918742378,-0.000772544629219496,-0.00270606495777992,-0.00514097701566478,64.8293194293976,32.2726394176483,2.00880128180485,1868.2,1,0
2,1,1,100,5,5,-0.0591023726783576,-0.0587386367124324,-0.00747236278185446,-0.00747868437117973,-0.011401597978474,-0.00721259464663901,0.113709020614624,0.207291221618652,0.54854720680749,182.8,1,0
2,1,1,1000,5,5,-0.000840448002948334,-0.000415994028457822,-0.00705275640592475,-0.00705224425869326,-0.0124128339796594,-0.00825299353041014,0.339391803741455,0.969219398498535,0.350170254812505,182.2,1,0
2,1,1,100,25,5,-0.0415084145459889,-0.0417411947589349,-0.0143924876161229,-0.0144575706052974,0.108621987354353,0.108606901683264,0.72940673828125,0.653106212615967,1.11682713192953,904.4,1,0
2,1,1,1000,25,5,-0.0108418244136121,-0.0108149509569845,-0.000268312580148633,-0.000268088582514991,0.00583708809688186,0.00602113031906215,3.89998683929443,3.83577399253845,1.01674051883163,570.4,1,0
2,1,1,100,100,5,-0.0464180578464742,-0.0445620471841643,0.000538962968000156,0.000555402985184683,-0.112503433955806,-0.112533653141261,4.31700944900513,2.36520247459412,1.82521771196183,1905.4,1,0
2,1,1,1000,100,5,0.00681689215666519,0.00629768005256959,0.00063962327544218,0.000626332990338452,-0.0169055542056228,-0.0129955721683988,66.943847990036,19.0027284145355,3.52285453592177,1791,1,0
2,2,1,100,5,5,-0.0225426350257761,-0.0221198283890114,-0.00325621343808975,-0.00325007575830649,-0.02634416904591,-0.0221895646712915,0.0575244426727295,0.186675024032593,0.308152860677741,179.8,1,0
2,2,1,1000,5,5,-0.00647752924882799,-0.00603631424953752,0.00370530887175824,0.00369025073450402,-0.00677945727173841,-0.00256500006370881,0.286532783508301,1.46112117767334,0.196104736476799,183,1,0
2,2,1,100,25,5,-0.0124703286050031,-0.0121163740211984,-0.000743181087232081,-0.000743126148148754,-0.0290947606541863,-0.0284986844122983,0.48240122795105,0.596917343139648,0.808154149808632,791.2,1,0
2,2,1,1000,25,5,-0.000696002993819311,-0.000914351573327953,0.00319998442599063,0.00321237464654405,-0.023147524558749,-0.0230545379576852,3.57522039413452,4.92607684135437,0.725774385839981,553.8,1,0
2,2,1,100,100,5,-0.00258688282957311,-0.00210453056901998,-0.00125895946582641,-0.00125311540743871,0.119613241534277,0.116103704406767,5.29743819236755,2.2388352394104,2.36615812504481,2428.2,1,0
2,2,1,1000,100,5,-0.0173843880753385,-0.0178273790689017,0.000877558056490102,0.000857086413370789,0.00743415698158003,0.00712546631558999,69.3573363780975,25.6977526187897,2.69896505764418,1866.4,1,0
2,3,1,100,5,5,-0.00193610233081265,-0.00152697840158527,-0.00833873015470044,-0.00834004600004645,-0.0444487300316886,-0.0403070309258852,0.045315408706665,0.151095008850098,0.29991333963667,176.8,1,0
2,3,1,1000,5,5,-0.00510498960879899,-0.00464981661756787,8.75725122963185e-05,7.4679193201899e-05,-0.0059424182998379,-0.00169959783952824,0.262787246704102,1.1849545955658,0.221769886953875,183.2,1,0
2,3,1,100,25,5,-0.0178291878936832,-0.0177997305274179,-0.00712648732404278,-0.00712648501350559,-0.0614703531123428,-0.0612775992517088,0.381563425064087,0.321692085266113,1.18611381050437,771.4,1,0
2,3,1,1000,25,5,-0.0284929634977217,-0.0276658668381999,-0.0012376999952302,-0.00119741396852753,0.0217469700911256,0.0221271743970723,3.41819701194763,5.41501927375793,0.631243738782754,579.6,1,0
2,3,1,100,100,5,-0.00825137794426589,-0.00826677098308415,0.000167913266350617,0.00016795487892356,-0.0701044648718958,-0.0700882286948719,3.73894648551941,1.09438705444336,3.41647543283592,2033.2,1,0
2,3,1,1000,100,5,0.0038351017760633,43.0537074857587,0.000631439443369342,0.000563618057112159,0.025193526857688,4634.07101608123,63.0273822784424,32.2997954845428,1.95132450013822,1891.4,1,0
3,1,1,100,5,5,-0.0232032083825336,-0.0227722065289575,0.0275755321744565,0.0276012132072819,0.0451760376706548,0.0492997397140343,0.115886926651001,0.214941835403442,0.539154820342364,191.2,1,0
3,1,1,1000,5,5,-0.00694187080113107,-0.00645449939723708,0.0056752419779009,0.00558727198921527,0.0107360583544777,0.0151230120557705,0.31165714263916,1.12294855117798,0.277534658477657,178.4,1,0
3,1,1,100,25,5,-0.0703176315555253,-0.0703927054602106,-0.00179357559377653,-0.00179138405098238,0.00012884783258541,0.00024481807236757,0.645095825195312,0.918282175064087,0.702502828338458,814,1,0
3,1,1,1000,25,5,0.00609334318945462,0.00647808201345663,-2.32991113367834e-05,-2.9160726357191e-05,-0.0165545319525441,-0.0153954798889134,3.81841378211975,3.22034859657288,1.18571442426554,551.6,1,0
3,1,1,100,100,5,-0.0353385687129817,-0.037841025289323,0.00534175465772373,0.0053352548016993,0.0911102375767232,0.0926648658679825,5.25440998077393,2.69141826629639,1.95228294560266,2171.2,1,0
3,1,1,1000,100,5,0.00506910198386539,0.00488002503613272,0.000407525097319006,0.000409437799450174,0.0298454701892684,0.0308166813003935,70.839909029007,14.6939975261688,4.82101000104613,1849,1,0
3,2,1,100,5,5,0.00330961665050653,0.00369665521015907,-0.0251955551871288,-0.0251816128533828,-0.103434719382412,-0.0993511484735989,0.0485423564910889,0.180623006820679,0.268749575956741,166.8,1,0
3,2,1,1000,5,5,-0.0121709769419263,-0.0117139105577764,0.00620626802955626,0.00619285109975869,0.0222881089284539,0.0265700556162906,0.295117807388306,1.32192440032959,0.223248627012804,188.2,1,0
3,2,1,100,25,5,-0.000446912104325219,-0.000315357429511644,-0.00583246019346988,-0.00584368460792444,-0.0192598700796818,-0.0190304863859014,0.486177158355713,0.447893285751343,1.08547543314955,801.6,1,0
3,2,1,1000,25,5,0.0049492386849197,0.0049696856485892,-0.00117480432934496,-0.00117475074137889,0.0208509435501089,0.0210416237772286,3.72782502174377,4.526673412323,0.823524182591898,572.8,1,0
3,2,1,100,100,5,0.0569112587103775,0.0569439922111592,6.66398306901073e-05,6.53797800933994e-05,0.0162145439738141,0.0166301398097629,4.93888120651245,1.53807878494263,3.21107166606988,2075.8,1,0
3,2,1,1000,100,5,-0.012064258570331,-0.0122884747859036,-0.000659823903467371,-0.000653161053120721,-0.0204501025661854,-0.0207601035510518,66.1905757904053,31.6477107524872,2.09148068585667,1776.4,1,0
3,3,1,100,5,5,0.079237770389783,0.0797313752895421,0.0157230215084545,0.015697376630539,-0.0100614161777258,-0.00581142196754953,0.0648625373840332,0.213222217559814,0.304201588963578,183,1,0
3,3,1,1000,5,5,-0.0244134893678816,-0.0240555359643564,-0.000477374580880418,-0.000493023629746414,-0.0143669643047611,-0.0101419445073692,0.304825162887573,1.72834558486938,0.176368178653698,174.2,1,0
3,3,1,100,25,5,0.00207763520062123,0.00210575987602022,0.00873834672277312,0.00873833556422472,-0.0412446783221336,-0.041050332104451,0.481407117843628,0.458893966674805,1.04905959285531,780.4,1,0
3,3,1,1000,25,5,0.0115885181542389,0.011620564659879,-4.62550447998034e-05,-4.73728429673415e-05,0.036744032143554,0.0369780496216964,4.07685284614563,6.54124484062195,0.623253363156179,582.8,1,0
3,3,1,100,100,5,0.00689226578448503,0.00706287691195904,-0.0016299681789202,-0.00162006167947473,0.0686917220971562,0.0679510858208243,5.10732998847961,1.47478861808777,3.46309289740916,2184.2,1,0
3,3,1,1000,100,5,-0.0267060760808771,33.3026496153906,-0.000874658516607418,-0.000809138901340134,-0.00690464678733749,2939.77473316862,85.8664578914642,54.8308755874634,1.56602383185537,1808.2,1,0
1,1,2,100,5,5,0.0499425236348267,0.0505265501089997,-0.0220374485323562,-0.0220471712345845,0.01534977477633,0.0192677943388689,0.11677098274231,0.10588207244873,1.10283998076116,362.2,1,0
1,1,2,1000,5,5,-0.000750090733236156,-0.000338035503801006,-0.00270888595991081,-0.00259102617641653,0.0656919256592829,0.0702522374476664,0.622139883041382,1.11262941360474,0.559161815636125,371.8,1,0
1,1,2,100,25,5,0.0543297214885136,0.0546473230458395,0.00318752792322121,0.00316887099231464,0.0930277996029957,0.0939183729591298,1.09678134918213,0.528497076034546,2.07528366554375,1703,1,0
1,1,2,1000,25,5,-0.0291951592764613,-0.0290564872380761,-7.13955155108303e-05,-0.000101173264539445,-0.0336747936269094,-0.0337935122243839,7.52128601074219,4.26501021385193,1.7634860489465,1127.2,1,0
1,1,2,100,100,5,0.0632190744152167,0.0668341556069925,-0.00102689456804492,-0.000927034676897875,-0.0421103321156836,-0.0661212119988563,8.94106259346008,1.58163022994995,5.65306759073707,4389.2,0.8,0
1,1,2,1000,100,5,0.0176224346099967,0.0144331367533695,-0.000177734908895166,-0.000177507802866694,-0.0462196326272265,-0.0548724950986162,168.198401832581,16.4460716247559,10.2272692026584,3670.6,1,0
1,2,2,100,5,5,-0.0606044968548027,-0.0602501082299027,0.0168953315678937,0.0168849517352854,-0.00286894825522769,0.00130883976355914,0.124730634689331,0.138555717468262,0.90022004842855,358.6,1,0
1,2,2,1000,5,5,-0.00525436061661031,-0.0046444975199929,0.013944479822815,0.0139432350569999,0.0232662452184661,0.0277648885627212,0.579351186752319,1.85834040641785,0.311757299551529,364.4,1,0
1,2,2,100,25,5,0.0229079733502493,0.0231085642401574,-0.0026835104972839,-0.00269461560230089,-0.188120751270839,-0.187963981467307,0.880638790130615,0.50882978439331,1.73071391876288,1478.6,1,0
1,2,2,1000,25,5,-0.000609622152073674,-0.000979528331920298,-0.00283438245766479,-0.0028167353174942,-0.0255639131330149,-0.0258890213802072,7.17576937675476,4.36190137863159,1.64510124229492,1121.8,1,0
1,2,2,100,100,5,-0.0491961074632878,-0.0491401230073409,0.00351860924268443,0.00351885478994607,-0.0876540385214653,-0.0863872814965133,8.76539397239685,1.31171040534973,6.68241552148075,4559.6,0.6,0
1,2,2,1000,100,5,0.0354360602306298,0.0354244159222909,-0.000530349204574598,-0.00052067558030493,0.0191549575787237,0.0201500223646839,147.309984827042,22.6339105129242,6.50837533102935,3795.2,1,0
1,3,2,100,5,5,0.12585156236739,0.126490546836455,-0.0255753150557005,-0.0255740176363261,0.102685659732134,0.107137333846759,0.104791975021362,0.164727973937988,0.63615166578089,376.2,1,0
1,3,2,1000,5,5,-0.0191624014863235,-0.0186268386688658,-0.0102691995790788,-0.010274467745931,0.0438044268043984,0.0478121498698821,0.560087156295776,1.25442719459534,0.446488372309605,368.4,1,0
1,3,2,100,25,5,0.0104987293956671,0.0102558967176937,-0.000298208280610535,-0.000314272899245438,0.0218771442812913,0.0221166767265309,0.82910590171814,0.248377990722656,3.33808120158253,1636,1,0
1,3,2,1000,25,5,0.0275837469862363,0.0287703787257155,0.00200883747748346,0.00196722897432346,-0.0113877080616328,-0.0080738188481801,6.376211977005,5.58036708831787,1.14261514988023,1159.4,1,0
1,3,2,100,100,5,-0.0149163875585516,-0.0149726127770687,0.000992715800324984,0.000822040589048001,-0.127285796291466,-0.142128258799808,7.21298198699951,0.95889196395874,7.52220506387503,4443.2,1,0
1,3,2,1000,100,5,-0.0203811936429681,-0.0177508062455904,5.72884883496272e-05,4.15244931868841e-05,-0.000716627598161204,0.00770883530390933,111.212260866165,24.0361641407013,4.62687225029577,3699.4,1,0
2,1,2,100,5,5,0.0567154712312218,0.0576656963178914,0.000395917798897606,0.000424136782211493,-0.128559042895137,-0.123485517206778,0.110257196426392,0.170946788787842,0.644979629089314,336.8,1,0
2,1,2,1000,5,5,-0.0275681645082752,-0.0269855423217454,0.00120588432397661,0.00121183810216865,-0.0356614863192842,-0.0312156986015307,0.568526935577393,1.0685106754303,0.532074174503163,354.8,1,0
2,1,2,100,25,5,-0.0402679479886903,-0.0418543188608249,-0.00203996774082018,-0.00203760799129073,-0.0722351091189043,-0.0709106930198333,0.990411233901977,0.593710327148438,1.66817248852462,1574,1,0
2,1,2,1000,25,5,-0.0133012023329123,-0.0133814291816592,0.00314186706246582,0.00313877293657712,0.0274226639992854,0.0273675257418432,7.97554059028626,4.7166729927063,1.6909250657443,1160,1,0
2,1,2,100,100,5,0.0724081695761338,0.0707321978249176,-0.00156610255452465,-0.00157146820050931,-0.233924839171151,-0.231284902198845,7.93829698562622,2.42774224281311,3.26982693864067,3708,1,0
2,1,2,1000,100,5,-0.0191698351069888,-0.0192241529959157,-0.00189898138510949,-0.00189893353667618,-0.00612683102257039,-0.00618683844884536,167.914307832718,19.0246156215668,8.82616033736661,3691.6,1,0
2,2,2,100,5,5,-0.0240901297993958,-0.0232588836348355,-0.007855968700644,-0.00788426178870294,-0.301114504327598,-0.297318076498041,0.117631101608276,0.167703628540039,0.701422519192494,305.8,1,0
2,2,2,1000,5,5,-0.00476633521675978,-0.00459832070738786,-0.0109085781499683,-0.0109714432269616,0.087602813795472,0.0918435596968115,0.581341648101807,1.60987639427185,0.361109492735154,374.8,1,0
2,2,2,100,25,5,0.136136291822825,0.136162857195762,-0.011032309483251,-0.0110320571492441,-0.259773082725052,-0.259569532551926,0.817424631118774,0.504025793075562,1.62179127010714,1421,1,0
2,2,2,1000,25,5,0.045562376133679,0.0455067393859917,-0.00290688582567591,-0.00290295996274277,0.0311167687635304,0.0314775903941954,7.27623753547668,4.53691816329956,1.603784171012,1122.6,1,0
2,2,2,100,100,5,-0.0346584607366735,-0.0350263244120236,0.00199989686366817,0.00199822975430037,0.019305058286318,0.0190948661844276,8.79867744445801,1.52896780967712,5.75465185648091,4350.6,0.8,0
2,2,2,1000,100,5,0.00275561699246429,0.00186690922856685,0.000437226733980412,0.0004450666157096,-0.0607725840637535,-0.0574929922758979,135.64794421196,23.9705471992493,5.65894232970235,3540.8,1,0
2,3,2,100,5,5,0.0127223213339692,0.0133310737050428,-0.0192662746510646,-0.019273890672911,0.105800015445462,0.110299168404218,0.15073356628418,0.20979700088501,0.71847340833436,378.6,1,0
2,3,2,1000,5,5,0.0175904571034023,0.0182115193146967,0.00417680476839628,0.00417790483486149,-0.0944668591652744,-0.0899173798150056,0.559481811523437,1.58347420692444,0.353325497236934,343.8,1,0
2,3,2,100,25,5,-0.0510993593104021,-0.051154706107035,-0.00540861322921371,-0.00540893920637133,0.0164323957199345,0.0167194177559038,0.96984715461731,0.415545177459717,2.33391507644515,1654.2,1,0
2,3,2,1000,25,5,-0.0112294375088746,-0.0108598817702637,-1.39778813659675e-05,3.52387785941489e-05,-0.00781570898854232,-0.00689566174860508,7.97771334648132,6.81283440589905,1.17098301106125,1134.2,1,0
2,3,2,100,100,5,-0.00138114921930006,-0.00145486039602706,-0.00463853554037463,-0.00463851074308712,0.20776253686388,0.207795181445806,9.70696105957031,1.4544960975647,6.67376218872154,4437.6,0.4,0
2,3,2,1000,100,5,-0.0408118220831823,-0.037838157147804,-0.000805501268956821,-0.000750632734456502,-0.039072056461425,-0.0348664990264183,165.334521198273,48.9724363803864,3.3760730202202,3594.2,1,0
3,1,2,100,5,5,0.0438623254449781,0.0444737178966521,0.0039371158115384,0.00393557424839013,0.119730034341678,0.124247329210008,0.129766798019409,0.191562032699585,0.677413974944161,379.4,1,0
3,1,2,1000,5,5,0.0413087645755773,0.0419797511680605,0.000508009259908571,0.000534079917102948,-0.0473536520304239,-0.0427734408521968,0.586791610717773,1.43660340309143,0.408457622650103,350.8,1,0
3,1,2,100,25,5,-0.0884882822797755,-0.0889478573424859,-0.00264571248159555,-0.00268654254530318,-0.11129982075955,-0.109897543851962,0.981084680557251,0.556720590591431,1.76225686122907,1565.8,1,0
3,1,2,1000,25,5,-0.0186252476205053,-0.0185121490860145,-0.000927140142270622,-0.00124560703439092,-0.0436953470318371,-0.0409770794949874,7.37611875534058,3.7014404296875,1.99276981365963,1073.6,1,0
3,1,2,100,100,5,-0.0905266776173559,-0.091905470551096,0.00838293813797764,0.00836792016689212,-0.138437694077501,-0.136023241029474,8.64608821868896,2.71429305076599,3.18539231283409,3761.8,1,0
3,1,2,1000,100,5,0.0232035009123469,0.0268940324400989,-0.0014725806443739,-0.00151984342674327,0.0261536664037434,0.025703527669794,165.131450223923,15.5249245643616,10.6365380095303,3612.4,1,0
3,2,2,100,5,5,-5.8610198701109e-05,0.000554097652542312,-0.00735517965124446,-0.00735174335513742,0.103304796892009,0.107815885734467,0.134603977203369,0.172153043746948,0.781885549472054,376,1,0
3,2,2,1000,5,5,0.00486183602986862,0.00550191531849258,-0.00639429013671204,-0.00643768201455202,-0.0431834819841684,-0.0394533893997663,0.537215232849121,1.34505043029785,0.399401554579748,353,1,0
3,2,2,100,25,5,-0.0137225859106804,-0.0142915923429422,0.00523559714081401,0.00525341684248644,0.105416045380837,0.106017665827795,0.929837942123413,0.407436609268188,2.28216591482422,1726.6,1,0
3,2,2,1000,25,5,-0.00949359851544189,-0.00977259956057601,0.00250762174792767,0.00249706511056522,-0.0310467763559289,-0.0306380828191587,6.650989818573,4.06031103134155,1.63804934332222,1097.4,1,0
3,2,2,100,100,5,-0.0220659104560419,-0.0221462019156784,-0.000719365171135333,-0.000718391491496373,-0.116534710893092,-0.11639282960837,7.50717239379883,1.30215878486633,5.76517432516453,3743.2,1,0
3,2,2,1000,100,5,0.0208356853444073,0.0239755072157576,0.000464994292786391,0.000498561456296587,-0.0769444446733774,-0.0659427585689184,116.221404409409,23.8322919845581,4.87663563725692,3506.6,1,0
3,3,2,100,5,5,-0.0308546653444581,-0.030260554576418,-0.0259192022149471,-0.0259155422742285,-0.0378235030464942,-0.0333333921308721,0.138590240478516,0.208454608917236,0.66484613220301,354,1,0
3,3,2,1000,5,5,-0.0242093883398465,-0.0235346973563151,0.00250125938517582,0.00249995608089826,0.0348528105644017,0.0391501135482543,0.624041080474854,1.69997482299805,0.367088425094617,365.4,1,0
3,3,2,100,25,5,-0.135657036541524,-0.1356280137078,0.00219580925484255,0.00219534940099475,0.15521723558045,0.155418492650134,1.08163256645203,0.475226020812988,2.27603817779513,1793.6,1,0
3,3,2,1000,25,5,0.0431038620626229,0.0437182323120012,-0.00250921495135259,-0.00251994212498969,-0.0250231043347341,-0.022081168424889,7.7928412437439,7.50116319656372,1.03888437560108,1097.8,1,0
3,3,2,100,100,5,-0.0378061389351496,-0.0362848676175384,0.000829196379882102,0.000812916166492616,-0.109102034768242,-0.112520656229371,8.78068180084228,1.58008942604065,5.5570790210556,3716.8,1,0
3,3,2,1000,100,5,-0.0023866124314595,37.0295072649539,-0.000703299576460026,-0.000693127751458267,-0.00501455536144224,3519.10512050263,164.345413589478,42.9562958717346,3.82587488642421,3574.4,1,0
1,1,4,100,5,5,-0.04605376516918,-0.0448067226404587,0.0187829617464352,0.0187830163083318,-0.113763524378168,-0.109572465931698,0.252471208572388,0.151291656494141,1.66877152661863,685.2,1,0
1,1,4,1000,5,5,-0.00186333546923818,-0.00115413724925524,0.000104327047016439,0.000104461356940999,-0.104021859649706,-0.0993668464498433,1.17372355461121,1.174054479599,0.999718134896171,695.4,1,0
1,1,4,100,25,5,0.0394819933938423,0.039940390519074,0.00991989141156449,0.00990769097610178,-0.118510474122445,-0.117557281249271,1.88145732879639,0.616204643249512,3.05329949945631,3164.8,1,0
1,1,4,1000,25,5,-0.0110918845727775,-0.0111762837060031,-0.00134936148484712,-0.00135011830489919,-0.143585707930336,-0.144164812956909,14.7750420093536,4.16310982704163,3.5490396898448,2238.2,1,0
1,1,4,100,100,5,0.0145161295386376,0.00168217787146496,-0.00133973969931271,-0.00134001922944287,-0.195097345187998,-0.195999466515389,11.3058313846588,1.91671295166016,5.8985521931525,5000,0,0
1,1,4,1000,100,5,0.0143638129718667,0.0103204297272947,-3.72158989360826e-05,-5.80108838836412e-05,-0.009880486434833,-0.00470467783787524,265.721984052658,21.9644325256348,12.0978306060279,5000,0,0
1,2,4,100,5,5,-0.101732930228001,-0.101528985090581,-0.030506104053637,-0.0304533460896698,-0.549287579731893,-0.544866970090858,0.20308780670166,0.14626202583313,1.38852040059504,613.6,1,0
1,2,4,1000,5,5,-0.0157994140969515,-0.015125023200137,0.00392394175386475,0.00391597209083194,-0.0347311135571429,-0.0295776690780461,1.1668637752533,1.30055818557739,0.897202284521594,709.2,1,0
1,2,4,100,25,5,0.0203638494756685,0.0204381637512345,0.0105962175114653,0.0105874085993604,-0.177706896779141,-0.178138549727259,1.80708937644959,0.470896816253662,3.83754851185094,3119.8,1,0
1,2,4,1000,25,5,0.0120672681626656,0.0120935420746034,-0.000256702066068915,-0.000257042497196069,0.0125174780619034,0.0128547137672126,15.2613712787628,3.75425877571106,4.06508240121841,2343.8,1,0
1,2,4,100,100,5,9.05514866649598,0.0659375323336805,0.00103116400523713,0.00108911052631688,404.663591548518,0.520145459604851,11.3410095214844,1.80508055686951,6.28282736652636,5000,0,0
1,2,4,1000,100,5,-0.0193109674638674,-0.0271230619191751,-0.00114948216184114,-0.00114944442916625,0.138535229414522,0.138488369612184,242.254926013947,17.9362447738647,13.5064462527263,5000,0,0
1,3,4,100,5,5,-0.0118626337180873,-0.0111449585216524,0.0447837434623873,0.0447819393050009,0.139037363543302,0.143709182239196,0.253331422805786,0.202585411071777,1.25049193555221,740,1,0
1,3,4,1000,5,5,-0.00427803870516552,-0.00356629275158799,0.00798563881508301,0.00800420238701687,0.0220965196631028,0.0264475475242902,1.28122181892395,1.49361743927002,0.857797843837526,717.2,1,0
1,3,4,100,25,5,-0.0684022227340061,-0.0683502629738032,-0.00378014972457752,-0.00376779436888715,-0.340653093571996,-0.342373717325343,1.83490471839905,0.370280027389526,4.95545150338009,3000.4,1,0
1,3,4,1000,25,5,0.00633344499663186,0.00633579662446369,-0.000999881031378536,-0.000999887298848901,-0.0606055983398725,-0.0611274352995522,15.9037048339844,7.16830897331238,2.21861318941383,2308.4,1,0
1,3,4,100,100,5,0.0683303206636151,0.0568955054721804,0.00132483376933124,0.00132561325046572,0.404795892610355,0.404602131421862,12.099910736084,1.42512154579163,8.49044123416346,5000,0,0
1,3,4,1000,100,5,-0.0186124164210455,-0.0274630980529361,0.000541783425319941,0.000561117391497135,0.0330300809391082,0.0357753265394723,279.836165618896,32.110017824173,8.71491779142617,5000,0,0
2,1,4,100,5,5,-0.0326555354867061,-0.0318968452681523,0.00242831268041259,0.0024383951962762,-0.0964178827835587,-0.0924148700655817,0.247049236297607,0.20947093963623,1.1793962290265,695.8,1,0
2,1,4,1000,5,5,-0.000697305243528401,1.35130948438533e-05,-0.000735614329365974,-0.000734626661125581,0.0183588983749342,0.0229759943785656,1.19387602806091,1.05713219642639,1.12935357762897,717.8,1,0
2,1,4,100,25,5,-0.134031707639812,-0.134319231574828,-0.00614075370842655,-0.00613582170811986,-0.142969576788411,-0.143110832723742,1.90990405082703,0.747452163696289,2.55521910777835,3193.6,1,0
2,1,4,1000,25,5,0.0496119849078275,0.0495537441727713,0.0033635355968548,0.00336376256378164,0.0551786121297287,0.0553170371989538,15.4884531974792,3.92563705444336,3.94546234984922,2279.8,1,0
2,1,4,100,100,5,-0.111445669412119,-0.117887692289094,-0.00219511761077205,-0.00219075523786327,0.0541894184181181,0.0518145342797067,12.1092306137085,2.42298684120178,4.99764604899893,5000,0,0
2,1,4,1000,100,5,-0.0242438420438535,-0.0306736464351545,-0.00122546772404359,-0.00122479708833143,-0.00819781762401526,-0.00819216159715728,259.132485866547,19.2495933055878,13.4617122425815,5000,0,0
2,2,4,100,5,5,-0.0524295436136872,-0.0517232644609931,0.00716990099713724,0.00716986161777391,-0.224155941059131,-0.219500607652668,0.212805414199829,0.167039108276367,1.27398557377199,693.6,1,0
2,2,4,1000,5,5,-0.00159028378098167,-0.000212928038834418,0.00378215470323071,0.00370515589648068,0.114724605676691,0.119317646955324,1.09332184791565,1.42213678359985,0.768788108516626,732.8,1,0
2,2,4,100,25,5,-0.0439540658194346,-0.0439079478472826,0.00212189197231969,0.00212408179427106,0.456335148298772,0.456583061646297,1.9979567527771,0.445132255554199,4.48845647073947,3638.8,1,0
2,2,4,1000,25,5,-0.00492790881414806,-0.00560388986808849,0.00328009716641979,0.00325436421768082,-0.0457772686234319,-0.0478601017155627,14.3703436374664,3.68522477149963,3.89944834534982,2229.8,1,0
2,2,4,100,100,5,0.125239884395539,0.115053223076837,-0.00260081270784585,-0.00259710160585569,0.0487054715387662,0.0484697864138902,10.9650493621826,1.68214101791382,6.51850780963739,5000,0,0
2,2,4,1000,100,5,0.0513693307278334,0.0454556779688561,-0.000780078055943756,-0.000768904948866656,-7.46931160932773e-05,-0.00371974912304198,223.426590013504,26.0445199489594,8.57864112878116,5000,0,0
2,3,4,100,5,5,-0.0187990406416894,-0.0180919658391939,-0.0142355872777332,-0.0142370034998769,-0.208756623206357,-0.204105726935309,0.231854152679443,0.204038000106812,1.13632829452391,673.4,1,0
2,3,4,1000,5,5,0.0225396964674651,0.0224645412492053,-0.000355393070057542,-0.000609925670181699,0.0818918753957677,0.0835671464298897,1.27557997703552,1.53504939079285,0.830969990077447,730,1,0
2,3,4,100,25,5,-0.0861785469198965,-0.086145552310679,0.0029548500832612,0.00295483168985253,0.327044746271021,0.327243647184491,2.12205777168274,0.419138240814209,5.06290661420078,3568.4,1,0
2,3,4,1000,25,5,0.0512001853526334,0.0508845716617338,-0.000742856026382821,-0.000775994265497814,-0.0356339548264682,-0.0299635170005881,15.4696144104004,6.93380146026611,2.23104374981724,2228.2,1,0
2,3,4,100,100,5,46.9276282876237,0.0429171597316004,-0.0008289838958083,-0.000829044390878941,10990.0962107158,-0.211769890682436,11.5496910095215,1.39138197898865,8.30087724574139,5000,0,0
2,3,4,1000,100,5,0.0119456589265232,0.00623633119438165,-0.00217926129880608,-0.00217719111147545,-0.022952366428063,-0.0215768177160043,259.446922922134,28.6437429904938,9.05771717782271,5000,0,0
3,1,4,100,5,5,-0.0678836100069709,-0.067184426669119,-0.00226396189400318,-0.00226883218887081,-0.223205708214477,-0.218569483425083,0.22353343963623,0.206331777572632,1.08336894232176,675.8,1,0
3,1,4,1000,5,5,0.0207982335514448,0.0218663001414758,-0.00119929697512302,-0.00126146862528651,-0.133518810657404,-0.127135979601482,1.1613028049469,1.23255090713501,0.942194596770269,691.8,1,0
3,1,4,100,25,5,0.0729820543968156,0.0733220209968675,-0.00180337355427518,-0.00182521449684145,-0.478047522610785,-0.47769973952812,1.72732181549072,0.465681743621826,3.70923240850399,2880.8,1,0
3,1,4,1000,25,5,0.0285206606183179,0.0285216114959965,0.0025553106068934,0.00255546358728882,0.0557438053507973,0.0559114874788156,15.6681276321411,3.90363140106201,4.01373132408928,2311.2,1,0
3,1,4,100,100,5,0.000657084206685794,-0.00639766704412574,0.00500240224736164,0.0049997035265587,0.178332891772813,0.180496920075303,13.0373558044434,2.22666077613831,5.85511540157187,5000,0,0
3,1,4,1000,100,5,0.0109460252725604,0.0053430281005955,-0.000261121580976287,-0.000258315770574469,-0.125069199359753,-0.123815898709418,249.345954656601,18.6448041915894,13.3734820754557,5000,0,0
3,2,4,100,5,5,0.0253648014600369,0.0260623337359994,-0.00488201057780895,-0.00488343867582066,-0.216655178986984,-0.212037798871861,0.209172201156616,0.143709993362427,1.45551604493571,676.6,1,0
3,2,4,1000,5,5,-0.0434659527444122,-0.0428382818840626,0.00716393462103095,0.00715441565577484,0.11201659818111,0.118256500247717,1.08619198799133,1.23719902038574,0.877944429387499,710.4,1,0
3,2,4,100,25,5,-0.0464863536500308,-0.046701553299553,0.00885551288937787,0.00888176480199645,-0.257904667940293,-0.261603682261538,1.49489359855652,0.364820003509521,4.09761960467034,3065.6,1,0
3,2,4,1000,25,5,0.0128595542101186,0.00678092899320566,0.00109688252231481,0.00111845715004559,-0.00996158485226699,-0.000172951047214642,12.8669467449188,3.52294497489929,3.65232691302158,2238,1,0
3,2,4,100,100,5,0.163073978786306,0.158002982343873,0.000681218475320611,0.000681521072020752,-0.222986073756842,-0.234255941344532,10.653277349472,1.27207860946655,8.37470048642631,5000,0,0
3,2,4,1000,100,5,0.0367497588475753,0.02800182766577,0.000275684496002437,0.000277525126689371,0.0925749439371149,0.0946254897268051,191.405186080933,16.160321855545,11.8441444292928,5000,0,0
3,3,4,100,5,5,-0.100817724861467,-0.10012821409406,-0.0363915904021402,-0.036392049387474,-0.563571643936022,-0.558946002262389,0.20052604675293,0.184664821624756,1.08589196896637,612.2,1,0
3,3,4,1000,5,5,-0.0144106868469173,-0.0135837338258712,-0.00611239962395933,-0.0061037152915798,-0.00331971698627882,0.000976980713729514,1.16553897857666,1.46498775482178,0.795596396448005,713.2,1,0
3,3,4,100,25,5,0.076676312907165,0.076687447597273,-0.0054145786786596,-0.00541449867252952,0.119605237095226,0.119705528588649,1.90897836685181,0.33351240158081,5.72386021570253,3401,1,0
3,3,4,1000,25,5,-0.0134649529530503,-0.013038940125552,0.00388019504625028,0.00388315319147807,0.0447502581450443,0.0478812739915892,14.7598592758179,6.64147620201111,2.22237629509964,2226.4,1,0
3,3,4,100,100,5,0.0240312790770554,0.0130157715796401,-0.00206177067775552,-0.00206161571852626,0.297609178466008,0.297275140004589,12.8380454063416,1.1233962059021,11.427887453147,5000,0,0
3,3,4,1000,100,5,-0.00136788443887017,34.797719528316,-0.000929722652877451,-0.000929948520556501,0.0724146167667477,3204.34983947722,228.781135797501,31.7728472232819,7.20052358511512,5000,0,0
