"design","K","m","reps","nodes","gva_b0_bias","aghq_b0_bias","gva_sv_bias","aghq_sv_bias","gap_b0","gap_b0_t","gap_sv","gap_sv_t","gva_time","aghq_time","speedup","gva_nG"
"indep",1,200,30,9,-0.000192236590257046,-0.00058480837624812,-0.00917266385228083,-0.00743181304224586,0.000392571785991073,54.088987965536,-0.00174085081003497,-42.5457118240945,0.0238144874572754,0.222485025723775,9.34242343543722,19.4
"indep",1,500,30,9,0.00531567276544248,0.00496113563211407,-0.000512342914650655,0.00108279445180632,0.000354537133328414,226.198512424406,-0.00159513736645697,-63.1202552086971,0.0442864020665487,0.284908652305603,6.43332126817333,19.9
"indep",2,200,30,81,0.00921793558324043,0.00844243119397791,-0.000757077998324139,0.000939111168322109,0.000775504389262518,29.0204029200763,-0.00169618916664625,-28.1395120677963,0.0774513006210327,1.99302400747935,25.7326086392166,29.8
"indep",2,500,30,81,0.0062910726685031,0.00556302370724575,-0.000766390532252966,0.000896421000583568,0.000728048961257349,11.7239439161972,-0.00166281153283653,-45.3259997418483,0.151164428393046,4.89785253206889,32.4008272590022,28.7
"indep",3,200,30,729,-0.0121701835832002,-0.0131654990994983,-0.00560660246591844,-0.00426544795926009,0.000995315516298125,39.4482367748399,-0.00134115450665835,-31.6575311997634,1.83490244547526,49.4086960156759,26.9271514338619,95.8
"indep",3,500,30,729,0.00711073594119311,0.00609575453751756,-0.00108263056932157,0.000293478935138445,0.00101498140367555,46.1925777889314,-0.00137610950446002,-49.5552649394575,2.88783150513967,108.733119400342,37.6521688356203,58.3
"poly",1,200,30,9,0.00610322637964845,0.00571044212934222,0.000175776956297388,0.00194726341114667,0.000392784250306233,69.8524445669567,-0.00177148645484929,-52.4352932914771,0.0539954821268717,0.244945939381917,4.53641545058111,19.7
"poly",1,500,30,9,0.00322874818448634,0.00287160216366255,0.00837057298521528,0.010026835676511,0.000357146020823799,151.092770000399,-0.00165626269129574,-53.9829279275445,0.0711522976557414,0.295297129948934,4.15021214603189,18.7
"poly",2,200,30,81,0.00289253470550991,0.0022217440685945,-0.00322793344894249,-0.00147757555917166,0.000670790636915419,23.3607915904245,-0.00175035788977083,-24.2407187957479,0.153171443939209,1.97736944357554,12.9095175492393,59.5
"poly",2,500,30,81,-0.0021025424899573,-0.00287469186758853,7.13085869604027e-06,0.00187478172703973,0.000772149377631226,24.8669351179358,-0.00186765086834369,-43.9122257085055,0.204306348164876,4.16827419598897,20.4020787089061,43.1
"poly",3,200,13,729,-0.00327482340382633,-0.0035557291276005,0.0129673319856948,0.0155429194949552,0.00028090572377418,4.4280042785739,-0.00257558750926041,-11.2508274098884,3.11412571026729,42.9545611234812,13.7934576571073,247.461538461538
"poly",3,500,20,729,-0.000622024669814734,-0.000968909429147388,0.00698731655264553,0.00897241576032637,0.000346884759332655,5.56695000064335,-0.00198509920768084,-17.2836341084044,13.4023809313774,102.974413943291,7.68329257842604,492.25
