"d","m","n","reps","gap","se","t","gva_time","aghq_time","speedup"
1,200,10,10,-0.0117567683566933,0.00115695857939325,-10.1617884737576,0.842002105712891,0.876527500152588,1.04100392885653
2,200,10,10,-0.0430933826480349,0.0022964463419774,-18.7652469210008,1.25512256622314,2.51373484134674,2.00278037300449
3,200,10,10,-0.0630587523074425,0.00655084488184543,-9.62604876848775,2.80115821361542,49.69725689888,17.7416815149247
1,500,10,10,-0.0101402310308809,0.00091561567184923,-11.0747678776632,1.74526801109314,2.09838132858276,1.20232612713073
2,500,10,10,-0.0463060381870456,0.00191384579614986,-24.1952817098435,2.50295166969299,5.20697455406189,2.0803336385239
3,500,10,10,-0.0741137116543944,0.00643825553562099,-11.5114585378516,7.99127283096314,96.7388933181763,12.1055675815935
1,200,20,10,-0.00411488474354187,0.000256099164633373,-16.0675445756829,1.34859111309052,1.32062232494354,0.979260735240293
2,200,20,10,-0.026949144670326,0.000875276399307619,-30.7892966057853,2.26380562782288,2.90267388820648,1.28220985606349
3,200,20,10,-0.0359676350471962,0.00170555682570832,-21.0884999579294,2.93939232826233,33.9023579597473,11.5337982050832
1,500,20,10,-0.00538907879334811,0.000281655095676138,-19.133610135514,2.99874544143677,2.9521906375885,0.984475239810298
2,500,20,10,-0.0220700096848571,0.00213756699215034,-10.3248271356657,4.32803235054016,7.96912853717804,1.84128210968281
3,500,20,10,-0.0329428116496187,0.0024235305145459,-13.5929015343103,6.90604610443115,132.832290577889,19.2342026927186
1,200,40,10,-0.00196360386518589,0.000145018382903162,-13.5403789911043,2.38822023868561,2.36809084415436,0.991571382653415
2,200,40,10,-0.0103112218881267,0.00034928858219335,-29.5206382738812,3.65850143432617,6.49838767051697,1.77624302933035
3,200,40,10,-0.0135200130403244,0.00256621439794192,-5.26846589714691,6.37268290519714,49.1189824342728,7.70773992131549
1,500,40,10,-0.00236908517244825,0.000119922616088657,-19.7551158381737,8.82847998142242,7.75845258235931,0.878798230124014
2,500,40,10,-0.0104185594458563,0.000337672121440445,-30.8540705149503,10.4381044626236,13.6334163427353,1.30611993696301
3,500,40,10,-0.00865352080483057,0.00225058189405472,-3.84501485046613,8.3470941066742,115.619201683998,13.8514314330721
1,200,80,10,-0.000477468911968981,3.47190056308122e-05,-13.7523786552585,5.1173877954483,4.25609891414642,0.831693646108282
2,200,80,10,-0.00430846357037048,0.000136747332520137,-31.5067467201675,8.65973649024963,10.1905385971069,1.17677236583133
3,200,80,10,-0.011663782927357,0.0055409251034205,-2.10502446967868,6.25918943881989,85.6059757471085,13.6768469118661
1,500,80,10,-0.000191838092836438,8.4754590399112e-06,-22.6345371894392,16.1170793533325,10.9226341247559,0.677705549827016
2,500,80,10,-0.00417223012656247,0.0001040291603295,-40.106352039634,26.4678133964539,26.4713557004929,1.0001338344043
3,500,80,10,-0.00703506438023711,0.00282533557358747,-2.48999249717595,17.3169288396835,142.289263010025,8.21677240388922
1,200,160,10,-2.7795174562939e-05,1.98229495908517e-06,-14.0217147985719,9.17047617435455,8.68318119049072,0.946862630184182
2,200,160,10,-0.000663725482416488,1.74628878027745e-05,-38.0077733942169,21.3179515123367,18.7678286075592,0.880376737731964
3,200,160,10,-0.000842474574440066,0.000927924792315574,-0.907912560820504,12.9512236833572,107.054122066498,8.26594649925365
1,500,160,10,-7.14364489739827e-05,6.85015885243552e-06,-10.4284368454586,31.2563761711121,27.386930680275,0.87620300351986
2,500,160,10,-0.00176109351308154,4.47885518074289e-05,-39.3201709368382,71.6424834012985,68.9890795707703,0.962963262793872
3,500,160,10,0.000852602079947984,0.00313700991249428,0.271788137025703,38.5961111307144,394.110076642036,10.2111343629231
